ph,salt_conc,cosubstrate_conc,organic_solvent_conc,temperature,rate_mean,rate_sd,rate_cov
3.0,120,7.5,0.0,30,414.7632207245316,126.69314801370822,0.3054589743815605
3.0,60,8.75,0.0,30,416.7998295515074,116.19118470130627,0.278769751000936
3.0,120,6.25,3.75,35,375.880598324341,107.5613901775219,0.28615839885598193
3.0,120,6.25,0.0,25,386.39333809586486,106.96253157830161,0.27682291859743197
3.0,180,8.75,7.5,25,351.96321257809615,106.12808363430469,0.3015317505966798
3.0,120,8.75,7.5,25,397.49379617618877,105.69581154709023,0.26590556271283455
3.0,60,7.5,7.5,30,478.8380676655449,101.74217477484723,0.21247720606439194
3.0,120,6.25,3.75,30,434.1110045808034,96.13877824239111,0.22146127886167485
3.0,120,6.25,7.5,35,417.11307565531814,95.81600145722906,0.2297122939785439
3.0,120,6.25,0.0,35,325.3769292952081,95.5708969107937,0.29372364266208967
3.0,120,7.5,7.5,35,385.80663809147813,94.69313717850504,0.24544195933728974
3.0,180,6.25,7.5,35,336.1836457177951,92.7701149232439,0.2759507076115134
3.0,60,6.25,7.5,25,336.25069714686776,89.86389040471859,0.26725265156987255
3.0,120,6.25,7.5,25,411.28923605236287,89.84817270123757,0.21845495778984755
3.0,180,6.25,0.0,25,348.696727012953,88.91955950230545,0.25500543198101877
3.0,180,6.25,3.75,30,375.0493485984999,86.90550848450752,0.2317175294644816
3.0,120,8.75,7.5,30,359.5397890699906,85.28440005373403,0.23720434468278545
3.0,180,6.25,0.0,30,420.089736118161,82.50032253131882,0.19638737973858397
3.0,180,8.75,3.75,30,350.9233671097074,81.54880236542994,0.2323835059405883
3.0,180,8.75,0.0,25,320.6886557755094,81.21513596059165,0.2532522884671181
2.5,120,8.75,0.0,30,452.12715958866784,80.30360313599535,0.17761287158474007
3.0,60,7.5,3.75,35,299.0711497126815,78.64412847236018,0.2629612670694375
3.0,60,8.75,3.75,25,494.72439982704486,77.60577328096218,0.15686667831239592
2.5,60,8.75,7.5,25,336.980429755795,77.53127277612182,0.23007648495287294
2.5,120,7.5,3.75,30,371.8116627709997,76.40354517210547,0.2054899101407766
2.5,60,7.5,0.0,30,473.53766264149226,152.24322654220288,0.3215018330177969
3.0,120,8.75,3.75,30,507.97724011304734,149.35342455691114,0.2940159770222646
2.5,120,7.5,7.5,30,436.3564963643923,146.04072472011333,0.33468213705281413
3.0,60,6.25,0.0,25,355.1599834564699,144.35434905425726,0.4064487999165312
3.0,120,7.5,0.0,35,348.10125392438874,144.2170482184684,0.4142962617704154
3.0,180,8.75,3.75,35,462.8962770790643,142.03856041940975,0.30684748928138184
3.0,60,6.25,3.75,25,446.9717976676129,141.100220569893,0.31568036575502484
2.5,180,6.25,3.75,25,350.688373783518,140.89546752678876,0.40176828791525426
2.5,60,6.25,7.5,30,471.2399501187503,135.13935788128884,0.28677398392736936
3.0,180,8.75,0.0,30,507.50725346066844,129.0543276846174,0.2542906072861066
2.5,180,7.5,0.0,25,394.06814179810624,127.34863968354264,0.32316400687063773
2.5,180,6.25,7.5,30,418.7058865306005,126.77537815150106,0.30277906814724437
2.5,180,7.5,7.5,30,356.87653137317596,126.39946895016233,0.3541826313537829
2.5,120,8.75,0.0,25,357.86350334317177,125.07908788045987,0.3495161890272889
2.5,60,6.25,0.0,35,338.7820452565815,122.00603015951545,0.36013133478520803
3.0,60,8.75,7.5,25,445.2433434223801,121.81015797129291,0.27358108722074187
3.0,60,7.5,7.5,25,499.29783994134567,118.65907559674548,0.23765189052427063
2.5,180,8.75,3.75,30,340.37477780075494,118.1294665207092,0.3470570507132541
2.5,120,6.25,3.75,30,427.5834121866496,117.09571621702774,0.27385467461940005
2.5,180,6.25,7.5,35,444.8423664767921,115.3806304859195,0.25937419450343435
3.0,60,6.25,7.5,35,449.28648193058,114.21730897940152,0.2542193312574435
2.5,60,8.75,0.0,30,414.42378592003564,112.77276040163179,0.27211942034473774
3.0,180,7.5,3.75,25,343.2434718853985,109.0780428389733,0.3177862123344099
2.5,180,8.75,3.75,25,404.78383747234903,107.38786109245383,0.26529681067068184
2.5,60,6.25,7.5,25,366.82458218186605,107.20460535680114,0.2922503304417334
3.0,180,6.25,3.75,35,370.73322617637666,105.44542077751107,0.28442398288667364
3.0,120,8.75,3.75,25,254.28862820295902,99.89904497203297,0.3928569109755829
2.5,180,6.25,0.0,30,463.835049306822,99.13665412306786,0.2137325634861414
2.5,180,6.25,0.0,25,254.26277893707817,99.09906320293392,0.38975057071746133
2.5,180,7.5,0.0,30,318.1287429214788,96.98457394540334,0.30485951396520394
3.0,60,6.25,0.0,35,321.4356995594659,94.729189220346,0.2947064975986621
2.5,120,7.5,3.75,25,422.2360084973588,94.72911873737068,0.22435111366860896
3.0,180,7.5,7.5,25,560.9393309896665,89.22573754679576,0.15906486248588522
2.5,60,6.25,7.5,35,320.0609102701484,87.53985526176673,0.27350998654561864
3.5,120,7.5,0.0,25,761.2217146366378,86.4121276577503,0.11351768610410483
3.0,120,7.5,3.75,30,259.62347517815346,86.27778528831246,0.33231889076713383
3.5,0,5.0,0.0,20,614.78718,85.78825384919999,0.139541383815453
3.0,60,7.5,3.75,30,387.97398153892436,85.49584897948715,0.22036490344110765
3.5,120,8.75,0.0,30,790.477869268513,85.05101508718896,0.10759442913423102
2.5,60,7.5,7.5,30,381.9424861667262,83.73377459821162,0.2192313702478755
2.5,180,7.5,7.5,25,403.6715357283854,82.8456891100488,0.20523044549217953
2.5,180,8.75,0.0,30,238.23101201703668,82.60604699419532,0.3467476643565108
3.0,120,6.25,3.75,25,221.3966906673183,80.82910070514181,0.3650872127379702
3.0,60,8.75,7.5,30,239.84985493078673,79.92769393465657,0.33324053482426014
2.5,120,7.5,7.5,35,303.8463707630704,78.72948335538918,0.2591095070764557
3.0,120,7.5,7.5,30,520.0402308574437,75.91016434534843,0.1459697920297196
2.5,120,6.25,3.75,25,274.2372116631889,75.4872664938423,0.27526266780510383
3.0,180,8.75,7.5,35,219.4763252056975,75.33058283985923,0.34322874127429437
3.0,120,7.5,3.75,25,329.0388374182296,74.91149147067593,0.22766762750094022
2.5,180,7.5,7.5,35,316.30101705111576,73.72519211256682,0.23308553605014956
2.5,180,7.5,0.0,35,322.6458368582333,72.38601558279741,0.22435130819494492
3.0,120,8.75,7.5,35,522.3005533309522,71.7516688055383,0.13737620676054185
3.5,180,6.25,0.0,30,650.3831957839063,71.39925392928313,0.10978028705558063
3.5,500,10.0,0.0,20,705.8823529411765,70.93979281031997,0.10049803981461997
3.5,120,6.25,0.0,35,555.6025542207935,68.72090086974443,0.12368715792914642
2.5,60,8.75,0.0,25,385.1540616246499,68.1570370677362,0.17696045260495868
3.0,120,7.5,3.75,35,229.50154639850655,68.09074367721891,0.2966896944519325
2.5,180,6.25,0.0,35,333.6121920804116,67.45220731522598,0.20218747670639015
2.5,120,8.75,3.75,30,500.37912256625265,65.87808753461997,0.13165634728474784
2.5,180,7.5,3.75,25,456.59203278626893,63.505160701168926,0.1390851266362235
2.5,120,6.25,0.0,30,308.3112439606718,63.152745824913914,0.2048343907722343
3.0,180,7.5,0.0,35,222.8461295032555,62.520865951788345,0.2805562119977273
3.5,60,6.25,7.5,25,267.8140607473415,61.390671443638254,0.22922870917354424
2.5,500,10.0,0.0,40,605.3766473032168,59.374858351459096,0.09807920179273091
3.0,60,6.25,7.5,30,196.2194273682627,58.99425028510364,0.3006544819559778
2.5,120,7.5,0.0,35,376.2243152294476,58.57135243359749,0.1556819962523598
2.5,180,8.75,7.5,30,296.71823986865445,58.35990350784454,0.19668458377778927
2.5,180,7.5,3.75,35,352.9599759366834,58.21893755734243,0.1649448705985468
3.0,120,6.25,0.0,30,415.62486292055985,57.93700565633843,0.13939735281768303
2.5,120,8.75,3.75,25,331.18392770978636,57.65507375533429,0.17408777700666966
3.5,180,8.75,7.5,25,228.88349970860838,56.24541425031391,0.24573817825190525
2.5,120,8.75,7.5,25,506.0972935035312,56.03396532456073,0.1107177731314419
3.5,120,8.75,0.0,35,542.8345834978289,55.96348234930978,0.10309490966603753
3.5,500,5.0,0.0,20,621.8487394957983,55.543495570919994,0.08931994558026324
3.0,180,8.75,7.5,30,628.4504853395498,55.32913557205068,0.08804056463120802
3.5,180,7.5,3.75,35,305.0996685027479,55.18816962154851,0.18088570824209682
2.5,60,7.5,0.0,25,279.3287337306287,53.98995904228116,0.1932846589794321
2.5,60,8.75,7.5,30,230.18901818743896,53.94297039211383,0.23434206730135576
3.0,180,7.5,3.75,35,205.50628528816452,53.622108394446144,0.2609268534986961
3.0,60,6.25,3.75,35,269.903621403819,53.590743470459415,0.19855511086410765
2.5,60,7.5,3.75,30,259.1193076783286,53.47308389044038,0.20636472198676142
2.5,120,8.75,0.0,35,232.2517373839916,52.791748463013874,0.22730399805677684
3.0,180,6.25,3.75,25,220.198146372643,52.219426703975614,0.23714743999526808
3.5,60,6.25,3.75,25,402.5435677626756,52.0869187105037,0.1293944876575749
3.0,180,6.25,7.5,25,265.99333245602503,51.76156929674508,0.19459724354294666
3.0,125,5.0,7.5,40,353.71721999109127,51.31206190774152,0.14506520748137133
3.0,180,6.25,0.0,35,166.1373050338704,50.742526440565726,0.305425241069252
3.5,120,7.5,3.75,30,281.6003358837941,49.408565650964874,0.17545634487933967
2.5,180,6.25,3.75,35,423.3796426848144,49.267599700462966,0.11636742708751423
2.5,120,8.75,7.5,35,207.4991070253605,49.267599700462924,0.23743523722461826
3.5,120,6.25,0.0,30,702.4733830892536,48.21035507169755,0.06862944024965587
3.0,120,7.5,7.5,25,185.26952167891764,47.448434109234086,0.25610490964328636
3.5,180,6.25,0.0,25,657.1980022434029,45.95489986366492,0.06992550145739009
3.0,60,8.75,0.0,25,263.995262534544,45.48210006568113,0.17228377368980158
3.5,60,8.75,0.0,25,752.840286002544,44.89765523489964,0.05963768952017523
2.5,60,6.25,3.75,35,236.63827947286302,44.47475738339353,0.1879440531872772
3.5,120,7.5,0.0,35,574.8720069683357,44.33379143289142,0.07711941248747106
4.0,250,5.0,7.5,20,194.65480159252368,42.97638223683803,0.22078254368881012
3.5,180,8.75,3.75,35,378.96590403499226,42.712683002118034,0.11270851162951617
3.5,60,7.5,0.0,30,723.7794446637714,41.866887299105855,0.05784481392471008
3.0,60,8.75,0.0,35,157.47419773278438,41.72775390596029,0.26498153035056254
2.5,250,10.0,0.0,20,467.02573646908417,39.963846967328166,0.08557097360302254
4.0,125,2.5,0.0,40,343.28216376375497,39.88872998581621,0.11619808483049365
3.0,60,8.75,7.5,35,234.63425638711865,39.12101154927648,0.16673188370555517
3.5,180,8.75,0.0,30,556.8558519604711,38.97708531381401,0.06999492808882402
3.0,120,8.75,3.75,35,234.97671999448553,38.20712929217183,0.16259963664940288
2.5,120,7.5,0.0,25,506.2226232774988,38.10309642070124,0.07526944602753176
2.5,60,7.5,7.5,25,246.82132360774284,37.285493907789515,0.15106269329891828
3.5,60,6.25,0.0,30,641.610111606164,35.59390250176506,0.05547590640780529
3.5,180,6.25,0.0,35,463.72016368068483,35.2414876255099,0.07599731559177356
2.5,120,7.5,7.5,25,508.29056454796694,35.03003869975683,0.06891734992348274
2.5,60,6.25,3.75,30,585.4989273860182,34.77160112383639,0.059387984328298435
2.5,60,7.5,0.0,35,338.46872082166203,34.46617489774876,0.1018297194910039
2.5,180,6.25,7.5,25,330.00896107883864,34.184242996744636,0.10358580229152647
4.0,250,7.5,0.0,40,244.31830693405243,33.99520309980968,0.1391430856181638
2.5,0,10.0,0.0,20,520.4632188445848,33.74724855018843,0.06484079436988163
3.0,60,7.5,0.0,35,546.6469585597102,33.72539882786052,0.06169502692692051
2.5,120,8.75,7.5,30,218.90933853034136,33.64387351982021,0.15368861714940996
3.5,60,7.5,7.5,25,269.6940073568578,33.6203791947365,0.12466120224262224
3.5,60,7.5,3.75,30,453.14546400215585,33.479413244234436,0.07388226497634137
4.0,125,2.5,0.0,20,341.0073767538336,32.59037045630166,0.09557086643268717
3.0,60,6.25,3.75,30,348.41677163035246,31.717338862958925,0.09103275572683671
3.0,125,5.0,7.5,30,410.7339337673921,31.40774239416883,0.07646736685738692
3.5,120,6.25,3.75,35,263.7408430933894,31.364923986703875,0.11892327187108331
4.0,250,2.5,0.0,30,384.8380735466446,31.196302250368912,0.08106345082456541
4.0,125,5.0,0.0,30,409.88776694277766,31.070672273928487,0.07580287771375745
3.0,60,6.25,0.0,30,210.31902693963497,30.660094234193583,0.14577898481335944
2.5,180,7.5,3.75,30,270.19010437881343,29.226940404089568,0.10817176473314748
2.5,180,8.75,7.5,25,310.0345283527282,28.898019852918168,0.09320903709163875
3.5,120,8.75,0.0,25,606.7527682213827,28.47512200141192,0.046930353667578736
2.5,180,8.75,3.75,35,239.5365304958672,28.33415605090995,0.11828741107778051
3.0,60,8.75,3.75,35,227.5345596851716,27.398212622551736,0.12041341174923624
3.0,120,8.75,0.0,30,269.53734513939816,26.29014976863042,0.09753806009714089
2.5,60,8.75,0.0,35,219.5620977697568,26.29014976863042,0.11973901705111013
3.0,125,7.5,0.0,40,537.9257378659892,26.124551310465975,0.04856534921363859
3.5,60,7.5,3.75,25,417.9747961824551,26.078700842877296,0.06239299852781883
3.0,125,5.0,0.0,40,486.0896819065061,25.69766173201305,0.05286609176978109
3.5,60,7.5,0.0,25,773.110559660106,25.37387109036714,0.03282049478346619
3.5,60,8.75,0.0,30,720.8811936407676,25.162422164614057,0.03490508891976047
3.0,250,2.5,7.5,40,225.56181080373983,25.12187411950637,0.1113746783198366
3.5,60,8.75,0.0,35,501.1624336535511,25.09193918936306,0.050067478135659475
3.5,180,6.25,7.5,30,206.32414039441278,24.810007288358957,0.1202477191516791
3.0,120,6.25,7.5,30,175.14835911993447,24.105177535848803,0.1376271959210452
2.5,120,6.25,3.75,35,234.2100151022378,23.964211585346696,0.10231932897867665
5.0,375,7.5,0.0,30,147.89262515222356,23.431525809969294,0.15843606661151355
3.5,60,8.75,3.75,30,278.3104293171407,23.188898857585478,0.08332026548369566
3.0,375,7.5,0.0,40,466.6400170330995,23.150910577931494,0.049611927252028544
4.0,250,2.5,0.0,40,261.39616704373174,23.049243649493565,0.08817743546192632
3.5,60,8.75,7.5,25,229.11849303479784,23.04793290708348,0.10059394421550699
4.0,250,5.0,7.5,40,201.3896011511089,23.033190137920588,0.1143712982510853
3.5,120,7.5,3.75,35,263.42751865847026,22.90696695658145,0.08695738043328716
3.5,180,6.25,3.75,35,332.67221877565345,22.343103154573313,0.0671625158145261
4.0,125,7.5,15.0,20,252.86513200358436,22.327783538936593,0.08829917894184042
3.5,120,6.25,7.5,35,187.6813365167096,21.990688278318167,0.11717035207898947
4.0,125,7.5,15.0,30,288.7916636020842,21.982139978144435,0.07611764032230807
3.5,0,10.0,0.0,20,745.5258,21.973135050089997,0.02947333955456672
2.5,120,6.25,7.5,25,522.2178356801335,21.34224490600876,0.04086847182883507
8.0,250,10.0,0.0,40,28.6300202407585,21.321100013433508,0.7447113147017685
3.5,180,8.75,7.5,35,268.0490540735311,20.862960674301856,0.07783262189232996
3.5,120,7.5,3.75,25,430.89942912287967,19.80571604553659,0.045963662764307335
2.5,0,10.0,15.0,20,96.89558149881877,19.805716045536574,0.20440267491225098
2.5,250,7.5,15.0,60,76.45116212032913,19.779821916985075,0.25872493456480006
4.0,125,5.0,7.5,30,366.45557547823347,19.72243502571084,0.053819443188912006
3.5,60,8.75,7.5,35,132.84956040581784,19.453301169281488,0.14643105411758348
3.0,180,7.5,3.75,30,211.33733135312286,19.31233521877943,0.09138156091557015
3.5,180,8.75,0.0,35,471.55327455366944,19.171369268277346,0.040655786531062194
3.0,375,7.5,0.0,20,490.36449031514184,19.08913913048452,0.038928469551733916
3.0,375,5.0,7.5,30,186.1850817881217,19.021945360745264,0.10216686094319954
3.0,250,7.5,15.0,40,148.9683307914889,19.0003915083268,0.12754651547328985
3.0,180,7.5,0.0,25,254.36210278294772,18.96485415079197,0.07455848942629265
3.5,60,8.75,3.75,35,310.7395083312968,18.95992034252433,0.06101548027909633
2.5,0,5.0,0.0,40,544.5735341116313,18.903533962323525,0.03471254620032364
4.0,375,2.5,7.5,40,88.42053096872604,18.86662505307893,0.21337380409705947
3.5,120,6.25,3.75,25,443.9023931720341,18.81895439202241,0.04239435218527676
4.0,375,5.0,7.5,40,203.40636896537143,18.6567361505114,0.09172149449109719
3.5,120,7.5,7.5,30,201.46761165316235,18.1846076147631,0.09026069979957328
4.0,250,5.0,7.5,30,242.21312597512167,18.178998035681026,0.0750537278378061
3.0,125,7.5,7.5,20,400.94887694078386,18.073596928742813,0.04507706086282941
2.5,500,10.0,15.0,20,82.16933305760783,17.97315868901006,0.21873316990913527
5.0,125,2.5,0.0,40,178.95068108745193,17.95000167936547,0.10030697603544428
3.5,120,7.5,0.0,30,749.5503794358907,17.832192738508077,0.02379051926026444
3.0,125,7.5,7.5,40,351.0487369826753,17.82059123490816,0.050763866544797254
2.5,60,6.25,0.0,25,243.29642371489982,17.761709763256988,0.07300440134734802
3.5,120,7.5,7.5,35,113.89343209319524,17.479777862252927,0.15347485400167588
4.0,125,7.5,7.5,30,304.778599178899,17.25502900602217,0.05661496264012228
4.0,250,10.0,30.0,40,62.98800280738694,17.15379410171697,0.2723343071246776
4.0,250,5.0,0.0,40,275.23810411562084,17.057511068318565,0.06197365413167182
5.0,375,7.5,0.0,40,178.29561220461346,16.745396007879496,0.09391928270597229
4.0,375,5.0,0.0,30,318.1987631834625,16.68927370857503,0.05244920986368688
4.0,250,2.5,7.5,30,202.01476111013966,16.641754518192798,0.08237890353526994
5.0,250,2.5,0.0,30,193.21710477255783,16.512502707389338,0.08546087431972829
4.0,125,2.5,7.5,30,294.2915650539482,16.423835407808628,0.055808039910344984
3.5,60,6.25,7.5,35,96.81725039008894,16.211084307734577,0.16744004030705342
3.0,125,2.5,0.0,20,486.74102377714723,16.011969902650414,0.03289628184285005
4.0,500,5.0,0.0,40,286.0945832471691,15.9379627786368,0.05570871911568953
3.5,60,6.25,7.5,30,166.9235927033006,15.858669431479463,0.0950055601766705
3.0,250,7.5,0.0,40,327.5304785756585,15.845603702804485,0.048379020394415606
3.0,375,5.0,7.5,20,165.60175524348438,15.752357610475812,0.0951219242049404
3.5,180,6.25,3.75,30,227.00355309909196,15.647220505726425,0.06892940789740007
4.0,375,7.5,0.0,40,341.8924013940353,15.549319001649767,0.04548015380935296
4.0,250,5.0,30.0,40,207.7341003515499,15.523875299037142,0.0747295474010573
3.5,60,6.25,0.0,25,667.0677219433636,15.506254555224336,0.02324539779866739
3.0,125,2.5,15.0,40,166.7234040199787,15.414237759403838,0.09245395300084401
3.0,250,5.0,7.5,40,268.6061117096914,15.395447021696286,0.057316071193255776
4.0,125,2.5,15.0,40,134.91003516323417,15.190592392144676,0.11259794257532321
2.5,60,8.75,3.75,25,234.44500842842737,15.153839678969234,0.06463707536599347
3.0,180,8.75,3.75,25,226.482807888256,14.735734669780244,0.06506336974173636
3.5,180,7.5,7.5,25,245.17637032441615,14.660458852212182,0.059795561998138465
3.5,180,8.75,7.5,30,201.70260497935195,14.308043975957068,0.07093633707617096
3.0,250,2.5,7.5,30,269.71234989148536,14.253478405950247,0.0528469623718933
2.5,250,5.0,15.0,60,82.63931970998692,14.167078025455005,0.17143265548618644
4.0,250,7.5,7.5,40,145.8384401845246,14.121788278839519,0.09683172873332768
3.0,120,8.75,0.0,25,244.0765232267403,14.112735651536475,0.05782094674638632
3.5,120,6.25,0.0,25,590.3032353881151,13.955629099702024,0.023641457920396482
4.0,125,7.5,15.0,40,240.63659655155126,13.874837694419643,0.0576588843644456
3.0,60,7.5,3.75,25,138.42563871186059,13.473948446836467,0.09733708706147362
5.0,250,7.5,0.0,30,150.96623785606712,13.208296116097731,0.08749172201463129
4.0,375,5.0,7.5,20,213.07171265224957,13.110420754816714,0.06153055509632097
3.5,180,7.5,0.0,35,619.5990700530773,13.10983339668963,0.021158575004908562
4.0,250,7.5,15.0,20,78.8177011595093,12.981460028523294,0.16470234271679327
3.0,250,2.5,7.5,20,244.4524603279044,12.95770764177286,0.0530070657680909
3.0,250,7.5,15.0,30,175.96639699876974,12.834010020207332,0.07293443656914257
4.0,375,5.0,0.0,40,268.2297347030703,12.641861143773943,0.04713072231819658
2.5,0,5.0,0.0,20,440.51848927490454,12.560066189731765,0.028512006863561375
3.5,60,6.25,3.75,35,263.66251198465966,12.545969594681512,0.0475834410445557
3.5,180,7.5,7.5,35,148.1241266081377,12.475486619430516,0.08422319108374836
4.0,250,10.0,0.0,20,317.8676392257126,12.422624387992215,0.03908112325700168
3.0,60,7.5,7.5,35,324.9244888111844,12.392739606485863,0.0381403680954542
3.5,180,6.25,7.5,25,205.61916041584436,12.334520668928468,0.059987214440439904
3.0,60,8.75,3.75,30,357.73817356920404,12.334520668928391,0.03447918500244228
3.5,60,8.75,3.75,25,409.2017120047124,12.26403769367755,0.029970641211628936
3.5,60,6.25,3.75,30,357.3465180255548,12.264037693677462,0.03431973469740211
4.0,125,5.0,0.0,40,345.9919104633911,12.243353113360946,0.03538624095853362
3.0,375,7.5,15.0,20,240.03132199934402,12.064335930466203,0.05026150683159248
4.0,250,2.5,0.0,20,341.0576422962921,11.968322142033282,0.03509178701128727
2.5,60,6.25,0.0,30,652.506073271963,11.935117142505986,0.01829119701929802
3.0,125,7.5,0.0,30,647.0391102003815,11.926894128726634,0.01843303432621406
3.0,375,2.5,15.0,40,59.58106366008373,11.752077968731628,0.19724518574858743
4.0,125,7.5,0.0,40,357.86190517980134,11.747427621704668,0.032826706200545105
3.0,250,7.5,15.0,20,159.2288667890721,11.667281836552144,0.07327365993257745
3.0,375,5.0,7.5,40,143.92103843681397,11.65376474077731,0.08097332306210181
2.5,0,10.0,15.0,60,107.15695674242855,11.55920794116725,0.1078717452657034
3.5,180,8.75,0.0,25,756.8351725477663,11.55920794116715,0.01527308502623484
4.0,375,7.5,7.5,40,173.53836436804033,11.536142430158588,0.06647603526844777
2.5,60,7.5,7.5,35,359.61812017872035,11.48872496591631,0.03194701357152618
5.0,375,7.5,0.0,20,136.6225088096387,11.31604167655123,0.08282706689509192
2.5,500,5.0,0.0,20,470.691632357641,11.037633924309677,0.023449819723846417
3.0,375,5.0,0.0,40,375.9501171604923,10.864123449683955,0.028897779130219247
3.0,375,2.5,0.0,30,416.0953065044064,10.843394591680473,0.026059882008223623
3.0,125,7.5,0.0,20,587.4767878814464,10.842631026115177,0.018456271379190616
5.0,250,5.0,15.0,30,51.65068509693215,10.812090694203148,0.20933102191988823
3.0,180,7.5,7.5,30,301.5747686099049,10.713412238154984,0.03552489582446823
4.0,250,7.5,0.0,20,256.75418862548753,10.653450021676491,0.04149279931403987
8.0,0,10.0,15.0,60,131.0283621278489,10.642929262904007,0.08122614898077817
4.0,500,10.0,0.0,40,250.57142543818438,10.54601517193384,0.042087860391469605
4.0,250,7.5,15.0,40,67.76466344773856,10.39172805184454,0.15335024957157567
4.0,250,10.0,15.0,40,110.31957525739602,10.264083270929767,0.09303954667140221
4.0,375,7.5,0.0,20,360.2891887403731,10.23967811785135,0.028420719904615657
2.5,250,10.0,0.0,40,449.4012370048691,10.149548436146837,0.02258460280125324
4.0,250,5.0,0.0,20,403.5814549533459,10.09668620470858,0.025017715954950805
3.0,125,2.5,0.0,30,527.6590408721282,10.053867797243623,0.019053720335439218
2.5,60,7.5,3.75,25,301.5747686099047,10.008582485644846,0.033187731625490276
5.0,375,7.5,7.5,30,70.99305242231122,9.944661122974802,0.14007935683364786
3.0,375,2.5,0.0,20,377.52787543055996,9.857631446982236,0.026111002891481546
5.0,125,5.0,7.5,30,107.70952344397867,9.830750884824234,0.09127095330560397
4.0,250,7.5,15.0,30,87.98150757183168,9.791897126703539,0.11129494591473141
3.0,250,2.5,0.0,40,428.12089695124894,9.754477556948947,0.02278439951521383
3.5,60,7.5,3.75,35,298.4415242607109,9.72665058464082,0.03259147871173539
3.5,120,6.25,7.5,25,224.96694427211597,9.726650584640796,0.043235910129426014
2.5,0,10.0,30.0,60,84.44093521077336,9.726650584640737,0.11518880694963889
3.0,180,8.75,0.0,35,438.4349601137995,9.633260642433116,0.02197192632615958
2.5,120,6.25,0.0,25,229.6668107959067,9.585684634138726,0.0417373524756132
3.5,180,6.25,7.5,35,145.53920002005276,9.585684634138694,0.06586324943944967
2.5,500,10.0,15.0,60,90.08077503932223,9.444718683636658,0.10484721828285593
3.5,180,7.5,7.5,30,210.24069583090505,9.444718683636616,0.04492336103773614
2.5,250,5.0,0.0,20,402.87255841934103,9.388332303435895,0.023303479244828063
3.5,120,8.75,7.5,35,113.501776549546,9.374235708385642,0.08259109234553333
5.0,125,7.5,7.5,30,141.2052893864481,9.37169984840775,0.06636932574642761
2.5,0,10.0,30.0,20,60.15829150452128,9.30375273313461,0.15465453722925915
5.0,375,5.0,15.0,40,36.1305505423646,9.292431052820048,0.25719040848614466
3.0,60,7.5,0.0,25,444.92179422104414,9.2373577704482,0.02076175608933856
2.5,180,8.75,0.0,25,594.0631286071477,9.134593592532216,0.015376469524290063
4.0,0,5.0,0.0,20,282.8340508462894,9.127545295007133,0.03227173414126024
3.5,60,7.5,0.0,35,595.6297507817445,9.021820832130551,0.015146692757186334
3.5,120,8.75,7.5,30,138.01941358198764,9.021820832130532,0.06536631766495155
4.0,125,2.5,0.0,30,389.21811810224403,8.819331280883675,0.02265909748468317
3.0,375,7.5,7.5,20,271.6666457783711,8.704647443500917,0.032041649494955936
4.0,250,5.0,0.0,20,300.4676889398563,8.674104820892175,0.02886867753234007
5.0,375,7.5,7.5,40,75.69213524335909,8.603325347258602,0.11366207756721226
2.5,250,5.0,0.0,60,136.45279140739072,8.598922980624446,0.06301756740872873
4.0,125,5.0,0.0,20,354.5378624380402,8.572662997569179,0.024179823668529495
2.5,120,7.5,3.75,35,285.83021575520587,8.52844000537336,0.02983743332677392
5.0,125,7.5,0.0,20,165.95816178820525,8.422128184369786,0.05074850247569054
5.0,125,2.5,0.0,20,151.39522740826385,8.352367398828077,0.05516929127695981
3.5,60,6.25,0.0,35,550.6676943708133,8.316991079620287,0.015103466509186068
2.5,180,6.25,3.75,30,313.0111104844624,8.176025129118337,0.02612055884043192
4.0,125,2.5,15.0,20,139.18799779419595,8.085019484997492,0.05808704495449414
3.0,375,2.5,15.0,30,71.12262317305746,8.080814376716722,0.11361805873012121
3.0,250,2.5,0.0,30,488.65204172645963,8.080050811151503,0.016535387394686463
3.5,120,7.5,7.5,25,230.76344631812452,8.035059178616303,0.03481946255707838
3.0,125,2.5,15.0,30,202.25222825893968,8.012857041412232,0.039618139737642465
4.0,375,2.5,0.0,20,33.01852060734809,7.94871753393376,0.24073512040284498
5.0,375,5.0,0.0,30,141.69804604354792,7.94432779549933,0.05606518944557505
4.0,375,2.5,15.0,40,49.69136133200484,7.900044810544419,0.15898225765564242
3.0,375,7.5,7.5,30,301.1754105072306,7.895267944368471,0.02621484911756739
4.0,0,10.0,0.0,20,276.81234686268255,7.885282856207809,0.028486022916165067
4.0,125,2.5,7.5,40,246.61532144909427,7.863457117911539,0.03188551737867063
4.0,375,7.5,7.5,30,198.03205929970892,7.701208559562657,0.03888869603636938
5.0,375,5.0,7.5,40,60.646198747955566,7.652264730368468,0.12617880243691995
4.0,250,5.0,15.0,40,109.69077928185258,7.651705389423741,0.06975705195568477
3.0,250,5.0,0.0,30,463.3397943442854,7.640771541480758,0.016490643874640453
4.0,375,2.5,7.5,30,33.19939514676116,7.561635682658009,0.2277642604400189
3.0,250,5.0,0.0,40,400.8505520038926,7.529321519217011,0.018783363229954827
3.5,180,7.5,3.75,30,216.82050896421225,7.471195376608115,0.034457973612825016
3.0,120,8.75,0.0,35,223.22251048070254,7.407055869129641,0.033182387623805425
2.5,60,7.5,3.75,35,363.22135118029325,7.4007124013570085,0.020375213013519942
5.0,250,7.5,0.0,40,161.18013491750173,7.387716750380326,0.04583515675899916
3.0,125,7.5,15.0,20,354.3190206731464,7.376043360019212,0.020817520171527833
3.0,250,2.5,0.0,20,443.48854381424474,7.3455007374104495,0.016562999968917153
2.5,250,10.0,15.0,40,98.54053478214553,7.330229426106063,0.07438796067335958
3.0,250,5.0,7.5,30,298.005089433238,7.324120901584264,0.024577167173599847
5.0,250,5.0,15.0,20,46.740172579098775,7.314958114801681,0.15650259105103898
3.0,125,5.0,15.0,20,137.5135251714407,7.307322459149479,0.0531389363340028
4.0,125,7.5,7.5,40,238.07752690998655,7.292964042125948,0.030632727652968712
3.0,125,2.5,15.0,20,183.12507702559026,7.284415492192945,0.03977836138288699
3.0,375,5.0,15.0,30,110.43850799081751,7.275252705410281,0.06587605028143977
3.0,375,5.0,15.0,20,99.65805860002466,7.269144180888506,0.0729408567957665
3.5,60,7.5,7.5,35,133.3195470581969,7.1892634756040215,0.05392505175903239
2.5,250,7.5,15.0,40,100.83824730488767,7.182657460309403,0.07122949527863577
4.0,375,5.0,15.0,20,75.07582889979257,7.174220153230241,0.09555965293178485
3.0,125,7.5,15.0,30,373.5938260464514,7.157663608366501,0.019158945114570874
4.0,375,5.0,15.0,30,89.84586559040977,7.147922953698037,0.07955761688895135
3.0,125,2.5,0.0,40,416.2996682351164,7.145066380028099,0.017163276661543554
2.5,500,5.0,15.0,20,84.8325907544226,7.118780500352987,0.0839156323889809
5.0,375,2.5,15.0,40,32.39009440465225,7.118413284051942,0.21977130400180342
4.0,125,7.5,7.5,20,265.50900854749057,7.066372320241285,0.02661443526492379
3.5,120,8.75,3.75,25,412.8049430062854,7.048297525101987,0.01707415970790512
5.0,375,5.0,0.0,40,171.62317253523344,7.034436343189137,0.040987683884849524
2.5,500,10.0,0.0,20,493.53298366326413,6.977814549850968,0.014138496880305586
3.0,250,5.0,0.0,20,420.4774098304499,6.94615594680068,0.016519688773771687
5.0,125,5.0,15.0,30,47.97677345546721,6.932675196746775,0.14450065515935107
5.0,125,7.5,15.0,40,49.23736049229536,6.913597511099769,0.1404136501626972
2.5,500,10.0,15.0,40,96.81725039008894,6.907331574599938,0.0713440171743096
2.5,500,5.0,30.0,60,38.38224327762425,6.907331574599937,0.17996164332131973
4.0,0,10.0,15.0,40,70.35112702799242,6.704693020753254,0.09530327805673226
6.0,500,5.0,0.0,40,35.85606502108674,6.6606411612213785,0.18576051659054876
3.0,250,5.0,7.5,20,270.1731326385886,6.658291728712964,0.024644536870436266
8.0,0,5.0,15.0,40,42.357547045663914,6.607778929783113,0.1560000375531553
5.0,375,2.5,0.0,40,151.89520472618577,6.588804208015761,0.043377302265025966
2.5,0,10.0,0.0,60,197.3943939992106,6.484433723093843,0.03285014124119338
5.0,125,7.5,0.0,40,208.7901533096459,6.463915424168518,0.03095890932453227
5.0,375,2.5,15.0,30,29.748277564194975,6.339891760106624,0.21311794427174893
5.0,125,7.5,15.0,30,47.64048096867383,6.30974695515731,0.1324450724858615
8.0,0,10.0,15.0,40,49.446512385714904,6.308226284966282,0.12757676892877745
3.5,120,6.25,7.5,30,263.8191742021195,6.202501822089815,0.02351042846240546
2.5,250,5.0,15.0,40,121.41321853126038,6.202501822089749,0.05108588584605213
2.5,500,10.0,30.0,60,54.12679613232319,6.132018846838732,0.11328989123701044
6.0,250,0.0,0.0,60,10.104713026150057,6.132018846838726,0.6068474018974742
2.5,250,10.0,30.0,40,59.609973743412375,6.132018846838722,0.10286900768038645
5.0,375,5.0,7.5,30,61.30610752876842,6.0999848044736495,0.09950044213149854
3.0,125,2.5,7.5,20,351.6544574578528,6.062710587841963,0.017240533879962557
5.0,375,5.0,15.0,30,29.599290294044536,6.047674454731587,0.20431822502002345
8.0,500,10.0,15.0,40,34.85734338478121,5.938190664898426,0.17035694887439565
5.0,125,2.5,15.0,40,20.170584005414234,5.904600593383044,0.2927332491611605
4.0,0,10.0,30.0,40,40.12511044686331,5.885328433460158,0.14667444819258385
3.0,60,7.5,0.0,30,220.5804021832445,5.77960397058362,0.02620180176198194
4.0,0,5.0,15.0,40,111.25954856215418,5.770793598677244,0.05186785020481582
5.0,250,2.5,0.0,20,176.77170607243647,5.762629320710686,0.03259927422066804
4.0,375,2.5,7.5,20,29.836319315198136,5.757284361754139,0.1929622853587531
4.0,375,5.0,15.0,40,69.27076881810889,5.722218427926436,0.08260653845133192
3.5,180,7.5,0.0,30,687.0421546694741,5.709120995332601,0.008309709901394879
2.5,250,10.0,15.0,20,97.83555480357693,5.709120995332592,0.05835425584078011
3.0,375,5.0,0.0,30,443.34258684831144,5.694671985406186,0.012844856673682474
3.0,250,7.5,0.0,30,396.2875884880427,5.686272764188794,0.014348854037754877
5.0,375,2.5,15.0,20,25.754615791133762,5.64274952697123,0.21909663000733998
5.0,250,7.5,15.0,40,24.609912645147546,5.637899358500963,0.2290905879998162
5.0,375,5.0,15.0,20,27.22267132057894,5.6351138713190405,0.20700076803481018
2.5,250,7.5,15.0,20,61.516030722505285,5.6154877436116575,0.09128494926700893
3.0,375,2.5,7.5,20,92.10563419998874,5.604571248710249,0.0608493855711482
2.5,60,6.25,3.75,25,246.19467473790405,5.568155044830499,0.022616878495679452
4.0,0,5.0,0.0,40,160.38294512435849,5.532913557205058,0.0344981416379087
4.0,250,5.0,0.0,30,335.7010216465408,5.5129433808839625,0.016422182315216586
4.0,375,2.5,0.0,30,37.76404345574919,5.511070583622126,0.14593433539710435
8.0,0,10.0,30.0,40,48.80028073869368,5.497672069579549,0.11265656644512809
4.0,375,2.5,0.0,40,198.55969734556757,5.396772606877593,0.027179597264822608
5.0,125,7.5,7.5,20,118.02148152325809,5.3907728904488375,0.04567620081422632
2.5,500,10.0,30.0,20,40.418852104600234,5.3567061190775105,0.13252989236841395
3.5,120,6.25,3.75,30,347.94678497797327,5.356706119077492,0.01539518785729432
3.0,180,7.5,0.0,30,240.7898282355447,5.356706119077492,0.022246397027358943
3.0,125,2.5,7.5,40,297.84222742601884,5.3392123620917715,0.017926310880205798
2.5,500,5.0,30.0,20,44.72706308474173,5.286223143826489,0.11818846978195267
2.5,120,7.5,0.0,30,297.2404472601867,5.262728818742794,0.01770529168305319
8.0,250,5.0,15.0,40,41.68194123286898,5.224550540481847,0.12534326343615546
3.0,375,5.0,0.0,20,402.2981302886553,5.176974532187406,0.012868502591530427
3.0,250,7.5,0.0,20,359.5208590520474,5.1693388765352415,0.01437841156189183
2.5,250,5.0,0.0,40,447.4272930648772,5.074774218073375,0.011342120377393988
4.0,125,5.0,7.5,20,313.00662242525647,5.014052852962794,0.016018999259864258
4.0,250,2.5,7.5,20,181.79016208273023,5.012881848811912,0.027575099726962215
3.0,375,7.5,0.0,30,524.0924296638866,4.963176173925917,0.009470039811696812
2.5,60,8.75,3.75,35,276.1954893814349,4.933808267571295,0.0178634643115317
4.0,500,5.0,0.0,20,397.49121124960055,4.916187523758624,0.012368040813540288
2.5,0,5.0,0.0,60,196.37608958572253,4.863325292320366,0.02476536375981464
3.5,180,6.25,3.75,25,325.4657567725077,4.863325292320279,0.014942663524874661
3.0,250,7.5,7.5,40,184.28473779053024,4.851994079183392,0.02632878955336213
4.0,375,7.5,0.0,30,432.7888265692837,4.774301006322224,0.011031479357191589
5.0,250,5.0,7.5,20,85.71577400535162,4.772284782621143,0.0556756890782225
2.5,250,10.0,0.0,60,212.19897354915128,4.722359341818352,0.022254392954094666
2.5,120,6.25,7.5,35,185.17474103735464,4.651876366567345,0.025121549194600676
3.5,180,7.5,3.75,25,346.6934872382958,4.651876366567269,0.01341783603615794
3.0,375,2.5,7.5,40,119.7474755972486,4.618357294902341,0.03856747102072902
2.5,0,5.0,15.0,40,113.03178989716692,4.581393391316293,0.04053190164894596
4.0,125,2.5,7.5,20,248.13529537094473,4.536349131492856,0.018281756832341546
3.0,250,7.5,7.5,30,239.23534738280102,4.53557945740314,0.018958650997947007
5.0,125,5.0,7.5,40,115.43075216663847,4.496362729973481,0.03895290159317709
5.0,250,5.0,0.0,40,162.23851979270455,4.44679205347942,0.027408978207895243
5.0,125,2.5,7.5,40,49.3706158078444,4.411936812558279,0.08936361721170338
5.0,125,2.5,15.0,20,14.82481508636266,4.405773311315835,0.29718909043045694
6.0,250,0.0,15.0,60,5.052356513075028,4.352323721750476,0.8614443003946907
5.0,375,7.5,7.5,20,61.293439821864624,4.344688066098279,0.07088341066719575
8.0,0,10.0,30.0,20,30.245599358311566,4.325892606031338,0.1430255209950922
4.0,125,5.0,15.0,20,95.93613899698582,4.280767854650184,0.04462101455620056
5.0,125,7.5,0.0,30,175.81305987159965,4.2594718583231295,0.02422727789069777
2.5,500,10.0,0.0,60,154.70393974144469,4.158495539810176,0.026880346723944026
2.5,250,5.0,30.0,20,40.340520995870406,4.158495539810176,0.10308482481512508
3.0,375,2.5,0.0,40,356.62242033465157,4.135875638264636,0.011597351715530292
3.0,250,7.5,7.5,20,216.7460944109188,4.123254052184667,0.019023429526566608
2.5,250,5.0,15.0,20,60.78494037436003,4.088012564559152,0.06725370691131805
2.5,180,8.75,7.5,35,278.5454226433304,4.088012564559125,0.014676286997520363
4.0,250,7.5,0.0,30,273.76779161831024,4.079853592034101,0.014902606212064101
4.0,375,7.5,15.0,20,67.04685975807176,4.05453315131492,0.060473125302886316
4.0,250,5.0,15.0,20,14.720510165289086,4.042911683412278,0.2746448076878103
8.0,0,5.0,30.0,60,121.099894096341,3.8941843826188416,0.03215679428687876
5.0,125,5.0,15.0,40,53.73805215598545,3.848654495095956,0.07161879414468664
3.5,120,8.75,3.75,35,345.2835272811585,3.806080663555096,0.01102305891487221
2.5,250,10.0,30.0,60,80.2110553393617,3.8060806635550763,0.047450823922613704
5.0,250,2.5,7.5,40,111.45747090782623,3.787877730366757,0.03398496035765318
8.0,500,5.0,30.0,40,27.983788593737277,3.7532184321168067,0.13412116874542035
8.0,250,10.0,30.0,40,28.551689132028642,3.735597688304051,0.1308363113310008
2.5,120,6.25,0.0,35,356.4848758295264,3.7355976883040136,0.010478979450702988
4.0,250,7.5,7.5,20,143.3268791110777,3.72174867645157,0.02596685771387816
5.0,250,7.5,15.0,20,17.49786417176864,3.6956573356618088,0.21120619633248994
5.0,125,5.0,15.0,20,41.283758096825615,3.688021680009613,0.08933347761993576
3.0,125,5.0,15.0,40,125.01134373492127,3.6507913683978495,0.029203680716680593
6.0,0,0.0,30.0,60,4.024260710995808,3.6210628535211455,0.8998082166065998
4.0,250,5.0,15.0,30,85.12263147106606,3.6190085169368276,0.04251523307484874
2.5,120,8.75,3.75,35,322.9591612931526,3.5946317378019996,0.011130298095303524
5.0,250,2.5,0.0,40,206.5915454884415,3.578712382528839,0.01732264683952937
5.0,250,7.5,0.0,20,138.0735925988591,3.5658511895745133,0.025825729036646924
8.0,500,5.0,15.0,40,45.030596131069885,3.5329591344573674,0.078456859069199
5.0,125,7.5,15.0,20,40.07027867075242,3.5276729113135397,0.08803714444562655
5.0,375,2.5,7.5,20,67.68330001650178,3.512401600009152,0.051894656424151864
8.0,0,5.0,15.0,20,20.82628353354765,3.4977176468318545,0.16794727879305102
3.0,125,7.5,15.0,40,302.00160941707037,3.4805648864804737,0.011524987874067064
6.0,0,0.0,15.0,20,5.395055113768103,3.462476159206352,0.6417869857103338
2.5,180,8.75,0.0,35,220.18874663959565,3.4536657872999976,0.015685024053263486
4.0,375,7.5,7.5,20,186.80861469867597,3.4410204367101906,0.018420030801366352
4.0,500,10.0,30.0,40,98.01179979821907,3.4360450434872085,0.03505746298467262
3.0,180,7.5,7.5,35,161.47096422461607,3.375993548573347,0.020907743784059726
5.0,375,5.0,7.5,20,50.78793262271353,3.3520528313130864,0.06600097027406805
4.0,375,5.0,7.5,30,243.36295556067327,3.346724212659695,0.013751987047286321
4.0,375,5.0,0.0,20,277.91286666791996,3.3422327672919043,0.012026189385774506
5.0,250,2.5,7.5,30,102.84556186382088,3.3035816892329666,0.03212177199836082
4.0,375,7.5,15.0,40,59.44195194856468,3.29221372509798,0.05538535692681734
6.0,500,0.0,15.0,20,5.424429279541795,3.277458349172424,0.6042033512232042
4.0,125,2.5,15.0,30,148.65263040025314,3.231393186486601,0.021737880976515155
6.0,500,10.0,15.0,60,4.024260710995807,3.2157857458277808,0.7990997544073211
6.0,250,10.0,0.0,40,13.92335457673002,3.2069753739214013,0.23033065460253316
3.0,250,2.5,15.0,30,170.63642198117128,3.18330484139965,0.018655482835610027
5.0,375,2.5,0.0,30,151.22993626981,3.17100838153731,0.020968126151160307
4.0,125,7.5,0.0,30,413.83581830525947,3.168793351257138,0.007657126838933327
5.0,375,7.5,15.0,40,27.05733602165699,3.1121863446550666,0.11502190541463647
3.0,125,7.5,7.5,30,416.40079782845294,3.0260103349644414,0.007267061808587323
8.0,250,0.0,0.0,60,6.589604521898246,2.951474588636457,0.4478985922187384
3.0,250,2.5,15.0,20,154.38343495489173,2.8939134921814755,0.018744974116083304
2.5,0,5.0,15.0,60,98.14887923849632,2.8898019852918266,0.0294430461938314
8.0,0,10.0,0.0,40,4.817363186885493,2.889801985291814,0.5998721444043998
5.0,250,7.5,15.0,30,17.901348626699008,2.8882066031470104,0.16134016846302787
6.0,500,0.0,0.0,20,10.86844133626605,2.8721812414790597,0.26426799875112755
3.0,125,2.5,7.5,30,374.9057415658284,2.8511538205291957,0.007604988412877031
5.0,125,2.5,15.0,30,16.16331938256287,2.7851229611456976,0.17231132388253814
5.0,125,2.5,7.5,30,46.34087250672082,2.7566496012186588,0.059486355178549166
5.0,250,7.5,7.5,30,68.24452152225544,2.7475532446402,0.04026042213138217
8.0,250,5.0,30.0,40,36.15959806741489,2.7400256628833937,0.0757758882655435
8.0,500,10.0,30.0,40,27.846709153460033,2.73121529097703,0.09808036116316707
2.5,500,5.0,0.0,40,494.66095162897375,2.6642564644884703,0.005386025429569034
4.0,0,10.0,15.0,20,10.26137524360975,2.6607323157259994,0.2592958792129705
5.0,375,2.5,0.0,20,125.02232436598801,2.6495725113112485,0.02119279516476545
5.0,375,7.5,15.0,30,29.088471462410475,2.635222060078525,0.09059334944718171
4.0,250,10.0,0.0,40,101.37024608501119,2.6343012000068726,0.02598692714820573
4.0,0,5.0,30.0,40,65.69042605856663,2.6343012000068624,0.04010175238714753
6.0,500,10.0,0.0,40,17.311175029295832,2.625490828100487,0.15166450709771861
5.0,250,5.0,0.0,20,137.1571186267199,2.588487266093725,0.01887242377217347
8.0,0,5.0,30.0,40,45.00122196529618,2.5726285966622298,0.05716797198632021
8.0,0,5.0,15.0,60,98.26637590159108,2.572628596662212,0.02618015137994478
3.0,375,7.5,7.5,40,239.37934474917867,2.546683005854945,0.010638691523378324
3.5,60,7.5,7.5,30,184.23476773259645,2.537387109036732,0.013772574743978657
5.0,250,5.0,15.0,40,56.589508174634524,2.512335345143247,0.04439577982176857
2.5,0,10.0,30.0,40,69.79301787829228,2.466904133785697,0.035346001774670045
2.5,250,5.0,30.0,60,50.99355178312938,2.466904133785687,0.04837678583906433
3.0,250,5.0,15.0,40,102.24526525981386,2.4047789269522823,0.023519709405042236
2.5,0,10.0,15.0,40,155.7222441549327,2.3964211585346518,0.015389074127074492
8.0,250,5.0,0.0,60,10.839067170492358,2.3523692990027887,0.21702691403248622
2.5,120,6.25,7.5,30,269.1456895957487,2.3494325083672485,0.008729222124627178
4.0,250,2.5,15.0,30,138.48208890500942,2.348820286228902,0.01696118469039021
2.5,250,10.0,30.0,20,56.47672939421854,2.3259381832836454,0.04118400991403283
8.0,0,10.0,30.0,60,128.08115416188846,2.317127811377265,0.01809109096915637
5.0,250,5.0,0.0,30,154.07232513624393,2.314766572970561,0.01502389589385145
4.0,125,7.5,0.0,20,397.75640435144976,2.254100525248248,0.005667037665738172
4.0,0,10.0,30.0,20,6.119617869519175,2.2114033485007503,0.3613629797892107
6.0,500,0.0,15.0,40,6.20774036684025,2.202592976594372,0.3548139655388802
5.0,375,5.0,0.0,20,130.75877256197037,2.191433172179632,0.016759358697261004
3.5,120,8.75,3.75,30,245.5680258680654,2.1849722327816195,0.008897625108390634
5.0,375,7.5,15.0,20,23.276741718312973,2.145619238266464,0.09217867621817526
2.5,0,5.0,30.0,40,78.01778429492602,2.114489257530591,0.027102657126704757
5.0,375,2.5,7.5,30,79.49209430229959,2.113109670761684,0.02658263930908353
5.0,125,7.5,7.5,40,147.78337296887437,2.1089161686775015,0.01427032098612118
8.0,250,10.0,30.0,20,13.198791820978952,2.0968685137178413,0.15886821628514153
4.0,250,2.5,7.5,40,165.21962842118165,2.0755358805117137,0.012562283914721743
6.0,0,5.0,15.0,60,4.102591819725652,2.0704373979987083,0.5046657062113389
4.0,250,10.0,15.0,20,16.224330895669233,2.052816654185955,0.12652704554576819
4.0,0,10.0,0.0,40,113.53115071531967,2.052816654185942,0.018081527767946238
8.0,500,5.0,30.0,60,63.31111863089756,2.0440062822795677,0.032285107679048915
4.0,250,5.0,15.0,40,199.7149530953321,2.0351959103731936,0.010190503409134875
3.0,375,7.5,15.0,30,264.8490977300689,2.0005417808747543,0.007553515560448249
4.0,500,5.0,15.0,40,24.811378690178536,1.9911440508413125,0.08025124583784202
2.5,500,5.0,15.0,40,107.15695674242855,1.9735233070285612,0.018417127240486005
5.0,125,5.0,0.0,30,194.935068667661,1.9618480958572289,0.010064110625481787
4.0,0,5.0,15.0,20,18.260939722645208,1.9470921913094241,0.10662606749064807
5.0,375,2.5,7.5,40,85.57742716773511,1.9322301511479885,0.022578736181922618
6.0,0,0.0,0.0,60,4.043843488178269,1.9118507036839145,0.47278058838651876
8.0,500,10.0,15.0,20,20.268174383847498,1.8501781003392759,0.09128489153980021
2.5,500,10.0,30.0,40,60.78494037436003,1.832557356526514,0.0301482134430046
6.0,250,5.0,15.0,40,3.2845658092401075,1.8288583640518274,0.5568036904320508
6.0,0,10.0,15.0,20,3.33886350960966,1.8237469846201386,0.5462178910192556
2.5,60,8.75,3.75,30,487.0106133430257,1.7855687063591494,0.0036663856134516826
3.5,180,7.5,0.0,25,624.2206054681382,1.7620743812755124,0.002822839178713163
5.0,250,7.5,7.5,40,74.73938926801145,1.7200383348357855,0.023013813086802462
4.0,0,5.0,30.0,20,5.424429279541795,1.7092121498372315,0.31509529606801506
6.0,0,0.0,0.0,40,5.874833154738405,1.638729174586212,0.278940547148046
8.0,250,5.0,30.0,60,83.29534274559936,1.6299188026798241,0.019567946405574226
6.0,500,10.0,0.0,60,2.496804090763822,1.5946773150543248,0.6386874008070378
3.0,250,2.5,15.0,40,152.30730950984054,1.5853542646699075,0.010408917797654866
8.0,0,10.0,15.0,20,35.00421421364968,1.577056571241572,0.045053334481841
5.0,250,5.0,7.5,40,102.31885069464026,1.5754037454719394,0.01539700392231305
5.0,250,7.5,7.5,20,60.92854740703143,1.5576737530475415,0.025565581641747444
4.0,375,7.5,15.0,30,76.7094895788293,1.5569923471371374,0.020297258601064197
4.0,0,0.0,0.0,40,5.3754723365856405,1.5418150836160593,0.28682411276166664
4.0,500,5.0,15.0,20,16.302662004399078,1.5241943398033033,0.09349358647023522
3.5,180,8.75,3.75,25,424.31961598957264,1.4801424802713974,0.003488272576839273
8.0,500,10.0,0.0,20,2.1834796558444403,1.4713321083650404,0.6738474088488892
3.0,375,2.5,7.5,30,144.5601917127776,1.4706272786125223,0.010173113781797333
6.0,250,10.0,15.0,60,3.015747686099049,1.4625217364586625,0.4849615712879726
4.0,500,10.0,0.0,60,9.948050808690368,1.4449009926459078,0.14524463338925434
4.0,0,0.0,0.0,20,2.398890204851516,1.4360906207395303,0.5986479155382687
4.0,250,5.0,0.0,60,23.597246504865932,1.4272802488331604,0.060485033647414935
8.0,500,5.0,15.0,20,23.72453455655193,1.4184698769267787,0.05978915512738876
8.0,500,10.0,30.0,20,15.597682025830464,1.4184698769267745,0.0909410689727951
5.0,125,5.0,0.0,20,177.6771484134296,1.3744180173949143,0.007735479940261299
2.5,500,5.0,30.0,40,47.233658564096785,1.3391765297693812,0.028352166029063756
6.0,250,5.0,0.0,40,17.017433371558923,1.3391765297693812,0.07869438948458199
5.0,125,5.0,7.5,20,97.11229756630469,1.3133327721773356,0.013523856453716796
8.0,250,10.0,0.0,60,11.661543812155736,1.2775039264247354,0.10954843946931739
3.0,180,6.25,7.5,30,500.2224603487929,1.2686935545183657,0.002536258675057767
2.5,60,8.75,7.5,35,192.69452747541968,1.2686935545183657,0.006583962560536141
5.0,125,2.5,7.5,20,40.83400698086842,1.2369762156554005,0.030292795322167367
4.0,500,10.0,15.0,40,111.24975717356294,1.2334520668928401,0.01108723379025904
6.0,250,0.0,15.0,20,4.7781976325205715,1.1982105792673388,0.2507662243002001
8.0,250,5.0,15.0,60,64.75045275380847,1.1894002073609624,0.018368986729455798
4.0,250,10.0,0.0,60,20.268174383847498,1.1805898354545867,0.05824845460158686
4.0,375,2.5,15.0,30,8.737167275560484,1.1676493491530975,0.1336416383396063
6.0,500,10.0,15.0,40,1.7624499464215209,1.1453483478290722,0.6498614897714332
2.5,250,10.0,15.0,60,55.145100545811175,1.1277276040163189,0.020450186741059105
4.0,500,5.0,30.0,40,14.922076213035554,1.1101068602035622,0.07439359271156921
8.0,250,10.0,15.0,20,23.04892874375701,1.0748653725780544,0.04663407069923761
2.5,250,5.0,30.0,40,52.40351174026659,1.0572446287652986,0.02017507212122422
4.0,125,5.0,7.5,40,321.2771958352916,1.026507945192842,0.0031950849873549677
8.0,500,0.0,0.0,40,5.257975673490872,1.0131927692334113,0.19269635923605044
6.0,500,5.0,0.0,60,1.3218374598161413,1.0131927692334104,0.7665032956278442
6.0,250,0.0,0.0,40,7.000842842729934,1.0131927692334102,0.1447243984751873
8.0,250,5.0,15.0,20,15.50955952850939,1.0043823973270325,0.06475892468002041
4.0,500,10.0,0.0,20,279.1231145702128,0.9779512816079474,0.0035036556650414772
8.0,500,0.0,0.0,60,2.496804090763822,0.9779512816079009,0.39168122369934366
6.0,0,0.0,15.0,40,1.9093207752899815,0.9779512816079001,0.5121985232991413
6.0,500,5.0,0.0,20,11.269888268506508,0.9603305377951462,0.08521207264128536
4.0,0,0.0,30.0,40,4.239671260002883,0.9427097939823909,0.22235445537391732
4.0,500,10.0,30.0,20,3.3878204525658133,0.9338994220760136,0.2756637889026001
8.0,500,5.0,0.0,60,7.852693650167002,0.933899422076013,0.1189272705240643
6.0,0,10.0,0.0,40,30.343513244223868,0.9250890501696425,0.030487209662372918
8.0,250,5.0,30.0,20,10.388663295295746,0.925089050169637,0.08904793849546949
6.0,500,5.0,15.0,60,1.2728805168599873,0.9162786782632585,0.7198465732852805
8.0,250,0.0,0.0,40,5.992329817833175,0.9162786782632575,0.15290858582857236
5.0,250,2.5,15.0,30,59.74633841232244,0.8898638911000637,0.01489403224945636
6.0,250,10.0,0.0,60,1.889737998107521,0.8898475625441263,0.4708840926283244
2.5,0,10.0,0.0,40,527.0900306431299,0.8880854881628825,0.0016848838652464802
6.0,250,5.0,15.0,20,2.771853097553847,0.8860644193613386,0.31966499961462175
8.0,0,5.0,30.0,20,20.6500385389055,0.8722268187313736,0.042238508034164846
6.0,250,0.0,0.0,20,4.122174596908116,0.8722268187313703,0.2115938561616468
8.0,250,0.0,15.0,60,1.997443272611059,0.8634164468249941,0.43226080993846483
3.5,180,8.75,3.75,30,285.5952224290163,0.8457957030122365,0.002961519089215353
8.0,0,0.0,30.0,60,4.180922928455499,0.8369853311058608,0.20019152360099995
4.0,250,0.0,0.0,20,5.953164263468252,0.8281749591994835,0.13911508612009932
8.0,0,0.0,15.0,40,1.8799466095162891,0.8281749591994831,0.4405311060469812
6.0,500,10.0,30.0,40,1.0476785792616827,0.8193645872931066,0.7820763004150825
4.0,250,0.0,30.0,40,4.954442627162721,0.8105542153867287,0.16360149392847279
5.0,250,2.5,15.0,40,63.41559979696576,0.8058854231061018,0.012707999698595627
8.0,500,5.0,0.0,40,1.8016155007864436,0.7929334715739739,0.44012358420975034
6.0,250,5.0,15.0,60,1.1500430963518211,0.7868439574849871,0.6841864969939143
3.0,125,5.0,7.5,20,403.51160971472854,0.7864725321759336,0.0019490703941131898
6.0,500,10.0,0.0,20,22.099164050407648,0.7841230996676027,0.035482025377930014
6.0,500,0.0,0.0,60,1.3610030141810645,0.7841230996675961,0.5761361962445134
8.0,250,0.0,0.0,20,1.6351618947355224,0.7841230996675954,0.4795385106466309
2.5,500,5.0,0.0,60,123.37149624950654,0.7753127277612295,0.0062843748461414205
8.0,250,10.0,15.0,40,48.15404909167247,0.7753127277612215,0.016100675693652113
6.0,0,5.0,15.0,40,7.461038106517777,0.7753127277612186,0.1039148596606047
6.0,0,5.0,30.0,60,1.7134930034653681,0.7488816120420857,0.4370497052089198
8.0,0,5.0,0.0,20,1.8799466095162907,0.7400712401357086,0.3936660947653873
4.0,250,2.5,15.0,40,111.74276948121306,0.737927500344777,0.00660380536271604
8.0,250,10.0,30.0,60,100.02882584801256,0.7224504963229661,0.007222423038541747
8.0,500,5.0,30.0,20,21.2277304657881,0.7224504963229553,0.03403333660596927
6.0,250,10.0,15.0,40,1.4001685685459868,0.7136401244165768,0.5096815772387039
4.0,0,0.0,15.0,40,4.592161249287188,0.7136401244165762,0.15540397770817607
3.5,60,8.75,7.5,30,189.71794534368553,0.7048297525102338,0.003715145403000186
6.0,0,5.0,15.0,20,12.160904630308499,0.704829752510198,0.05795866129511105
8.0,500,10.0,30.0,60,99.96028612787397,0.6960193806038427,0.006962959066698363
4.0,250,0.0,15.0,40,6.912720345408856,0.6695882648846885,0.09686320745340167
8.0,250,5.0,0.0,20,7.431663940744085,0.6607778929783111,0.08891385539590904
8.0,500,0.0,30.0,40,1.5274566202319855,0.6519675210719338,0.42683210274928457
8.0,500,5.0,15.0,60,72.21149086032624,0.6431571491655574,0.00890657624573314
6.0,0,5.0,30.0,40,1.0868441336266046,0.6431571491655559,0.5917657640746107
3.5,120,8.75,7.5,25,251.99117678391258,0.6343467772591388,0.0025173372550385117
4.0,250,7.5,7.5,30,149.05590649474448,0.6305981300605693,0.004230614840363964
6.0,0,10.0,0.0,20,8.175809473677614,0.6255364053528009,0.07651063877732761
4.0,0,0.0,30.0,20,3.143035737785047,0.6255364053528009,0.19902300118089888
8.0,500,10.0,0.0,60,8.342263079728536,0.6167260334464243,0.07392790512026061
8.0,250,0.0,30.0,60,2.74158880554459,0.6167260334464243,0.2249520541516501
4.0,250,5.0,15.0,20,16.870562542690454,0.6079156615400471,0.0360341073394402
6.0,0,0.0,0.0,20,10.584491067120362,0.6079156615400463,0.05743456701744253
4.0,0,0.0,15.0,20,4.983816792936413,0.5902949177272911,0.11844233892464082
4.0,250,0.0,15.0,20,2.565343810902437,0.5814845458209136,0.2266692454047159
3.0,125,5.0,0.0,30,586.0477673545186,0.5711470427840529,0.0009745742149351936
6.0,250,10.0,15.0,20,3.838224327762425,0.5638638020081601,0.14690746393577173
2.5,500,5.0,15.0,60,70.81132229178026,0.5638638020081594,0.007962904571739829
2.5,0,5.0,15.0,20,96.50392595516956,0.5638638020081486,0.005842910497445345
4.0,250,5.0,0.0,40,235.72768033387848,0.555053430101818,0.00235463832383051
4.0,500,5.0,0.0,60,15.392062865414626,0.546243058195405,0.035488619230031354
4.0,250,5.0,30.0,20,3.6913534988939647,0.5374326862890273,0.14559231090982144
6.0,0,0.0,30.0,40,0.5874833154738405,0.528622314382649,0.8998082166065999
6.0,0,10.0,30.0,60,2.7513801941358205,0.5198119424762717,0.1889277038426669
3.0,125,5.0,0.0,20,532.0301125670254,0.519224584349195,0.0009759308206145623
3.0,375,5.0,15.0,40,88.55588017272532,0.4710119855694199,0.005318810954740968
3.0,250,5.0,15.0,30,119.23156660128632,0.47035638817515624,0.003944898163990758
6.0,250,5.0,0.0,60,2.1932710444356722,0.4581393391316297,0.20888405028367515
6.0,250,10.0,0.0,20,3.1136615720113547,0.45813933913162896,0.14713845051428673
6.0,250,5.0,30.0,60,0.7735196987072231,0.4493289672252517,0.5808888486954001
4.0,500,0.0,0.0,60,2.8492940800481277,0.4317082234124969,0.1515140983289464
6.0,0,10.0,0.0,60,1.3218374598161409,0.43170822341249643,0.326597056397951
8.0,250,10.0,0.0,20,3.887181270718578,0.43170822341249604,0.1110594524275147
6.0,0,10.0,15.0,40,5.160061787578567,0.4317082234124958,0.08366338256873493
3.0,120,7.5,0.0,25,169.25135826142537,0.42987566605600247,0.0025398653840757795
3.0,250,5.0,15.0,20,107.6517482459054,0.42759671652285425,0.003972036901306136
4.0,500,10.0,15.0,60,3.5151085042518138,0.4140874795997412,0.11780218991785552
5.0,125,5.0,0.0,40,234.44467317128203,0.4126735911162136,0.0017602173917371114
4.0,0,0.0,30.0,60,1.2728805168599886,0.4052771076933645,0.3183936766454123
6.0,500,5.0,15.0,20,1.8799466095162907,0.4052771076933639,0.21557905189533094
3.0,375,2.5,15.0,20,56.20191775442467,0.40468974956627185,0.007200639510818319
3.0,125,5.0,15.0,30,143.59365110697524,0.4023990528705887,0.0028023457149286292
8.0,500,0.0,15.0,60,3.6228137787553494,0.3876563638806091,0.10700422035321726
6.0,0,10.0,15.0,60,2.095357158523365,0.3876563638806091,0.1850072968723849
4.0,250,2.5,15.0,20,116.61647804535684,0.37948231227480234,0.0032541054114771533
6.0,250,0.0,30.0,40,0.4112383208316886,0.37003562006785445,0.8998082166065998
4.0,500,0.0,0.0,40,4.631326803652109,0.36122524816147766,0.07799606105892323
6.0,0,5.0,0.0,20,22.01104155308657,0.352414876255099,0.016010822359548017
4.0,250,0.0,30.0,20,2.0757743813409024,0.3511901210999999,0.16918511195476804
4.0,0,5.0,0.0,60,5.649631217140099,0.3436045043487221,0.06081892625243922
8.0,500,0.0,15.0,40,1.067261356444143,0.3436045043487219,0.32194972887759105
6.0,0,5.0,0.0,40,21.46272379197765,0.3347941324423432,0.015598865068909975
3.0,375,7.5,15.0,40,222.37918373305695,0.3322264993265569,0.0014939640201456995
5.0,250,2.5,15.0,20,54.39442742048348,0.32069753739213513,0.0058957792663770015
8.0,250,5.0,0.0,40,2.780754359909513,0.3171733886295894,0.1140601964712591
8.0,500,0.0,0.0,20,1.2337149624950645,0.3171733886295894,0.2570880618876001
6.0,250,10.0,30.0,60,1.2532977396775264,0.31717338862958927,0.25307106092060616
8.0,0,5.0,0.0,60,1.830989666560136,0.30836301672321215,0.16841330257342796
8.0,0,10.0,0.0,20,1.9484863296549058,0.29074227291045723,0.14921442787948647
5.0,250,2.5,7.5,20,88.32942199997075,0.28251925913116904,0.0031984728614126174
2.5,0,5.0,30.0,60,83.6576241234749,0.281931901004088,0.0033700682269911125
4.0,250,10.0,30.0,60,1.3512116255898332,0.28193190100407967,0.20865118066240015
4.0,500,5.0,30.0,20,3.4465687841131984,0.28193190100407917,0.08180074696423625
6.0,500,10.0,30.0,60,0.8420594188458378,0.26431115719132486,0.3138865871883494
6.0,0,0.0,15.0,60,0.29374165773692,0.26431115719132425,0.8998082166065999
6.0,500,5.0,15.0,40,0.8322680302546069,0.25550078528494696,0.3069933915481342
4.0,0,10.0,0.0,60,11.798623252432966,0.2555007852849467,0.02165513550339532
4.0,125,5.0,15.0,30,103.92698393170934,0.2485627719284806,0.0023917058161892946
8.0,0,5.0,0.0,40,3.0744960176464318,0.24669041337857014,0.08023767536619383
8.0,500,5.0,0.0,20,1.3707944027722945,0.24669041337856945,0.17996164332131995
4.0,500,5.0,15.0,60,4.915277072797799,0.24669041337856887,0.05018850610554728
5.0,125,2.5,0.0,30,160.00569333484856,0.24609248257470248,0.001538023288081991
6.0,0,0.0,30.0,20,0.2643674919632284,0.23788004147219216,0.8998082166065998
4.0,250,5.0,30.0,60,1.7232843920566001,0.22906966956581448,0.13292621381688394
8.0,250,10.0,15.0,60,115.71463037116412,0.22906966956581357,0.001979608532050389
8.0,250,0.0,15.0,20,1.419751345728448,0.22025929765943708,0.15513934769079307
6.0,250,10.0,30.0,20,1.5568307860056767,0.22025929765943691,0.14147927934066032
4.0,0,0.0,0.0,60,3.7109362760764255,0.22025929765943675,0.059354103997796746
4.0,0,0.0,15.0,60,1.6253705061442925,0.21144892575305962,0.13009275420818311
6.0,250,0.0,15.0,40,4.572578472104726,0.18501781003392803,0.04046246798445115
4.0,250,10.0,30.0,20,3.9067640479010404,0.18501781003392745,0.047358327189821116
6.0,500,10.0,30.0,20,0.2447847147807664,0.18501781003392698,0.7558389019495447
8.0,0,10.0,0.0,60,23.734325945143144,0.17620743812754885,0.007424160203024722
8.0,0,0.0,0.0,60,2.6143007538585916,0.16739706622117173,0.064031296312829
4.0,500,10.0,15.0,20,8.80245834351638,0.1673970662211716,0.01901708132983908
4.0,250,0.0,0.0,40,6.217531755431479,0.1673970662211716,0.02692339545752022
4.0,375,2.5,15.0,20,7.365735257563128,0.15271311304387644,0.02073290821674195
4.0,500,0.0,0.0,20,4.572578472104724,0.14977632240841848,0.03275533122550821
8.0,500,10.0,0.0,40,2.4772213135813614,0.1497763224084176,0.06046142166921832
4.0,250,0.0,0.0,60,3.6326051673465813,0.14977632240841746,0.04123110426499251
8.0,500,0.0,15.0,20,0.4797780409703027,0.14977632240841723,0.3121783608635146
8.0,0,0.0,15.0,60,2.1345227128882875,0.14096595050203972,0.06604097002617246
4.0,250,0.0,15.0,60,1.5274566202319853,0.14096595050203944,0.09228802221606135
4.0,500,0.0,15.0,40,5.395055113768103,0.13215557859566193,0.024495686477493585
6.0,250,5.0,0.0,20,14.90249343585309,0.12334520668928542,0.008276816709916205
4.0,250,0.0,30.0,60,1.1945494081301429,0.12334520668928464,0.10325668059419985
6.0,500,0.0,15.0,60,0.1468708288684596,0.1145348347829075,0.7798337877257243
8.0,250,0.0,15.0,40,1.3512116255898334,0.10572446287652981,0.0782441927484
4.0,0,5.0,15.0,60,2.095357158523365,0.10572446287652973,0.05045653551065042
4.0,500,0.0,15.0,60,1.7624499464215209,0.10572446287652956,0.05998721444043989
8.0,500,10.0,15.0,60,59.47289430313513,0.10572446287652681,0.00177769157051019
4.0,500,0.0,30.0,40,4.474664586192421,0.09691409097015335,0.021658403463178776
4.0,500,0.0,30.0,60,1.4784996772758316,0.09691409097015206,0.06554894293160647
8.0,0,0.0,30.0,20,0.10770527450353715,0.09691409097015205,0.8998082166065998
4.0,500,10.0,30.0,60,1.9680691068373646,0.09691409097015181,0.049243235734689327
8.0,500,0.0,30.0,60,2.87866824582182,0.0881037190637763,0.03060572165328621
6.0,500,5.0,30.0,40,0.09791388591230689,0.08810371906377495,0.8998082166065999
8.0,0,0.0,0.0,40,2.1932710444356722,0.08810371906377475,0.040170009669937445
5.0,250,5.0,7.5,30,95.0246589594078,0.07933064439847377,0.0008348427162718035
4.0,0,10.0,30.0,60,1.2043407967213733,0.07929334715739796,0.06583962560536147
6.0,500,10.0,15.0,20,2.2422279873918236,0.07929334715739768,0.03536364170069623
4.0,0,5.0,30.0,60,1.0280958020792206,0.0792933471573971,0.07712641856627978
4.0,250,5.0,15.0,60,2.516386867946284,0.079293347157397,0.03151079357766289
2.5,0,5.0,30.0,20,35.01400560224091,0.07048297525102337,0.002012993773169227
4.0,250,10.0,15.0,60,3.240949623697353,0.06167260334464271,0.0190291767862424
6.0,500,0.0,30.0,40,0.06853972013861465,0.06167260334464231,0.8998082166065999
6.0,0,5.0,0.0,60,0.8518508074370682,0.06167260334464229,0.07239836225570338
8.0,0,0.0,0.0,20,0.2252019375983059,0.06167260334464229,0.27385467461939916
8.0,0,0.0,15.0,20,0.8616421960282991,0.05286223143826461,0.06135056022317696
6.0,0,10.0,30.0,20,0.3916555436492267,0.05286223143826459,0.1349712324909893
8.0,500,0.0,30.0,20,0.0854,0.046485542879999994,0.5443271999999999
8.0,250,0.0,30.0,40,2.007234661202289,0.04405185953188703,0.021946541868453462
6.0,500,0.0,30.0,20,0.058557201386146,0.04128420734464234,0.7050235729744033
4.0,125,5.0,15.0,40,91.26343948476143,0.039951224206533284,0.00043775716137899967
2.5,0,0.0,0.0,20,0.07123,0.027142841205925198,0.3738
4.0,500,5.0,30.0,60,1.9484863296549042,0.02643111571913274,0.013564947989044372
8.0,250,0.0,30.0,20,0.04895694295615274,0.026431115719132585,0.5398849299639698
4.0,500,0.0,15.0,20,3.240949623697353,0.026431115719132047,0.008155361479818005
6.0,500,5.0,30.0,60,0.08812249732107591,0.02643111571913198,0.29993607220219526
8.0,0,0.0,30.0,40,1.2239235739038343,0.026431115719131957,0.021595397198558
6.0,500,0.0,0.0,40,11.504881594696045,0.0264311157191317,0.002297382680697637
6.0,500,5.0,30.0,20,0.075,0.025974816503999996,0.34633088671999995
6.0,250,5.0,30.0,40,0.058748331547383674,0.01762074381275485,0.2999360722022
6.0,0,5.0,30.0,20,0.23499332618953547,0.01762074381275481,0.07498401805054956
4.0,500,0.0,30.0,20,2.4870127021725916,0.017620743812754126,0.007085104067768165
4.0,0,10.0,15.0,60,2.2226452102093632,0.008810371906377922,0.003963912848487422
6.0,250,10.0,30.0,40,0.18603638323338267,0.008810371906377781,0.04735832718982269
6.0,0,10.0,30.0,40,0.7343541443423008,0.00881037190637719,0.011997442888087597
2.5,500,0.0,30.0,60,0.08761000000000001,0.008278270762763822,0.09269000000000001
2.5,250,0.0,15.0,40,0.08116000000000001,0.008037813180541201,0.09715000000000001
2.5,0,0.0,15.0,60,0.09875,0.0070396926281325,0.06993
2.5,250,0.0,15.0,60,0.07849,0.00681481453288734,0.08517000000000001
2.5,0,0.0,30.0,60,0.08131000000000001,0.00591744741893382,0.07139000000000001
2.5,250,0.0,0.0,60,0.08506000000000001,0.00531196781999688,0.06126
2.5,250,0.0,30.0,60,0.06017000000000001,0.005274496700582341,0.08599000000000001
2.5,500,0.0,30.0,40,0.06508,0.004857696007560479,0.07322000000000001
2.5,250,0.0,15.0,20,0.06485,0.0046693050877389,0.07063000000000001
6.0,500,0.0,30.0,60,0.09582,0.00466718887417608,0.04778
2.5,0,0.0,0.0,60,0.0819,0.004646245302153,0.055650000000000005
2.5,500,0.0,0.0,20,0.048690000000000004,0.00460320091274988,0.09274
2.5,500,0.0,15.0,60,0.08127000000000001,0.0043263354659641194,0.05222
2.5,500,0.0,15.0,40,0.081,0.004314439448550001,0.052250000000000005
2.5,250,0.0,30.0,20,0.044070000000000005,0.00426301206430554,0.09489
2.5,250,0.0,0.0,40,0.04821,0.0041769379651444205,0.08499000000000001
2.5,500,0.0,0.0,60,0.041150000000000006,0.0039037855510962,0.09306
2.5,0,0.0,30.0,20,0.038110000000000005,0.0036981399317398203,0.09519000000000001
6.0,250,5.0,30.0,20,0.06462000000000001,0.0036382711398994802,0.05523
2.5,0,0.0,0.0,40,0.05664,0.0031930185422015997,0.0553
2.5,250,0.0,0.0,20,0.034,0.003180426668832,0.09176000000000001
2.5,250,0.0,30.0,40,0.04807,0.0027412563374288397,0.055940000000000004
3.5,500,0.0,0.0,20,0.08360000000000001,0.0025805674370784,0.03028
2.5,0,0.0,15.0,40,0.07156000000000001,0.0024408963225124804,0.033460000000000004
6.0,250,0.0,30.0,60,0.07020000000000001,0.0023551472143836004,0.03291
2.5,0,0.0,30.0,40,0.041890000000000004,0.0022466308941514203,0.052610000000000004
2.5,500,0.0,0.0,40,0.03422,0.0021209803698048,0.06080000000000001
6.0,250,0.0,30.0,20,0.03517,0.0021178363771996197,0.059070000000000004
2.5,0,0.0,15.0,20,0.04957,0.0020021031764353198,0.03962
2.5,500,0.0,15.0,20,0.04583,0.00144504989179362,0.030930000000000003
2.5,500,0.0,30.0,20,0.034570000000000004,0.00136595443475736,0.03876
